{"train_loss": [16.910773517986456, 16.089042867715367, 15.33897042198303, 14.613828625541906, 13.90797858192517, 13.220004167038793, 12.544002453740031, 11.882734624722515, 11.236364800328264, 10.598416840306486, 9.980455459497227, 9.367851025761126, 8.77640877745022, 8.193476747019222, 7.628222707742319, 7.0697873606087684, 6.526197381674672, 5.999451417892505, 5.490946411705626, 4.994454488967555, 4.519548408520488, 4.053616139073722, 3.616539114199507, 3.19694677100014, 2.7997143778938076, 2.4267182586292106, 2.082186914099672, 1.7683733522701568, 1.485444253625961, 1.2481989182603246], "train_acc": [0.6651288707299091, 0.7191395689972966, 0.7350504577291718, 0.7418874032317523, 0.7458556693905136, 0.7483282517203244, 0.7481221391926763, 0.7504568651695748, 0.74994383985623, 0.7461907102482183, 0.7446404022794298, 0.7508170580916688, 0.7563213281826001, 0.7546612919329073, 0.7546361398685181, 0.7555067660973211, 0.7601725700417793, 0.7520590132710739, 0.7543972912570657, 0.7544239793253871, 0.754662635936348, 0.7617571500983042, 0.7611891166441386, 0.762809216791595, 0.7566013608994839, 0.7577975239616613, 0.7569445617780781, 0.7581350608257558, 0.7538093857520276, 0.7589653669513394], "train_ap": [0.6805911705574155, 0.7615256970768359, 0.7858685098791416, 0.7999190593518967, 0.806157520143424, 0.8134138503342694, 0.8170212853821733, 0.8229793028971342, 0.8228390021718975, 0.824720601954244, 0.8249439196234357, 0.8298424538040997, 0.8305506445883646, 0.8336298720973446, 0.8329221250221231, 0.835771812996514, 0.8404472621766821, 0.8393323902154405, 0.8423002559795202, 0.8419570553450778, 0.8429632454914857, 0.8472277192060138, 0.8451324995274948, 0.8483051176439841, 0.848030330287986, 0.8480646534604184, 0.8500185214996041, 0.850848922456922, 0.8526197794150893, 0.8515179685697576], "train_f1": [0.7231985683610037, 0.7487067562856878, 0.7476587692943034, 0.7444426482355009, 0.7416891592575475, 0.7402015950274858, 0.7324887461734717, 0.7311772966372063, 0.7278779001422345, 0.7189946526957712, 0.7168645313702681, 0.726671644659883, 0.7363320209364221, 0.7307348867592165, 0.7331563780682968, 0.7303258896288903, 0.7389131590230392, 0.720202521040841, 0.7247185232448843, 0.7249862870601115, 0.7240298216767471, 0.7351761476208748, 0.7371609862437556, 0.7388083013021288, 0.7278713594653204, 0.7276987392040447, 0.7241287808298992, 0.7254094031202863, 0.7150843005856189, 0.726720457245075], "train_auc": [0.7267854307783951, 0.7931881685136345, 0.8117842141945114, 0.8216584557302622, 0.8260572207468696, 0.8310716546838206, 0.8349665340143271, 0.8387363365804064, 0.8387404684159837, 0.8414323232225166, 0.8400911397948563, 0.8441428060055832, 0.845817404552171, 0.8488514480058607, 0.8473919083963624, 0.8500339019502504, 0.8535479834347607, 0.8530507657388064, 0.8547733590313376, 0.8548617649249644, 0.8554610184840535, 0.8595331447471583, 0.857881474041958, 0.8598175621137282, 0.8591927022602408, 0.859991639543982, 0.8610888191643001, 0.8627521040300017, 0.8637683538854475, 0.8623770730179994], "val_acc": [0.5525578578475051, 0.5348688502418534, 0.5838625533032078, 0.5871969871754074, 0.5843717182726578, 0.5763230333503055, 0.578157320042006, 0.5754364697365071, 0.6005685344004583, 0.5976388469004583, 0.6086460587449083, 0.6103406234088595, 0.6188646615644093, 0.6007082564282078, 0.6182301942782586, 0.6073274010310591, 0.6319214613034623, 0.6213334155422607, 0.6308757836367108, 0.636253341395112, 0.6291041481033606, 0.6206362970977597, 0.6404599191700611, 0.6367978097950611, 0.6555677984979633, 0.6451259387729125, 0.6409337807090123, 0.6319005775840123, 0.6505805674007128], "val_ap": [0.68644652203906, 0.7057110459259512, 0.6992860430072823, 0.7307818287669958, 0.7310812238299033, 0.7365217378375677, 0.7432608491325498, 0.7421213779263218, 0.7258663286839417, 0.7454710692611073, 0.7559901841766851, 0.7648392315253836, 0.7643109084145535, 0.7908108469320299, 0.7484887889001806, 0.7594527622020004, 0.7460583760691403, 0.7582265472984695, 0.7541772200101144, 0.7810092653611032, 0.7601478856259258, 0.7677963848457943, 0.7449860763762354, 0.7637947120819206, 0.769760336958359, 0.7737376199575171, 0.7754005093569794, 0.7548948514189084, 0.7702902452473869], "val_f1": [0.6907705852079616, 0.682312083809234, 0.7057463290553821, 0.7068386394230106, 0.7057849522169197, 0.7015097241496558, 0.7030121880254975, 0.7017715909969171, 0.7132880315740985, 0.712772242981933, 0.7183631761072018, 0.7182839062628432, 0.7236939795744399, 0.7136561957978176, 0.721177575714031, 0.7162117903930132, 0.7293189357153385, 0.7238030299982318, 0.7281074894844013, 0.7305375171605274, 0.7283775465055883, 0.7229757728114037, 0.7336805487119853, 0.7304431570673271, 0.7403396686203991, 0.7360302980699118, 0.733214811003336, 0.728891813461885, 0.7381839867125618], "val_auc": [0.733828741514936, 0.7459669015727203, 0.7389555850586308, 0.7589352856328913, 0.7592041424065938, 0.7624211522739636, 0.7740762646000352, 0.7706023886409854, 0.753242117843534, 0.7770169747945764, 0.7787038171248479, 0.7880296405284292, 0.7877076942750851, 0.8075170834126066, 0.7676931193052912, 0.7812033761190015, 0.7818868840135496, 0.7820637207096997, 0.7781830707114132, 0.806624750674633, 0.7882432431909365, 0.7928104587685965, 0.7718997832925076, 0.7815166000396576, 0.7912403474448686, 0.7994413366044045, 0.7975871368163037, 0.7705967145545238, 0.7985533473408408], "test_acc": [0.5503664405368338, 0.5452662740007836, 0.5806375820434952, 0.5774247220317399, 0.5736868448765674, 0.5649368142633229, 0.5762430507934952, 0.5631643074059561, 0.6157134722766457, 0.5841458598648119, 0.5921634686030564, 0.6106133057405956, 0.6037919095317399, 0.5897098170552508, 0.6236675585325235, 0.6209039478840126, 0.6334186422413793, 0.632698465664185, 0.6242071169670846, 0.6391241856876959, 0.6451741281347962, 0.636001634747257, 0.6255426197590126, 0.6371442740987461, 0.6568416009502351, 0.6442633841105015, 0.6414362509796239, 0.6357697394200628, 0.6344732685148903], "test_ap": [0.7070178582398454, 0.6926800454866033, 0.6905887725030366, 0.7039408166273724, 0.719828453555884, 0.7187900403016871, 0.7516744436620784, 0.7506656842733532, 0.7173626081269011, 0.7328521636605099, 0.7222690783407397, 0.7407113589120327, 0.7551512174116923, 0.7769041271114011, 0.736814049530948, 0.7627174885030095, 0.7196382774555861, 0.7696088155268974, 0.7322886070458707, 0.7649516044565824, 0.7597559098464011, 0.7655116534846267, 0.7340182979664014, 0.7534654034251527, 0.7625363620066223, 0.7639854270710136, 0.755843928560341, 0.7427609808387835, 0.7575544533149179], "test_f1": [0.6892875025126546, 0.6873566812591203, 0.7031767150810571, 0.7027562842159158, 0.7007979971835394, 0.69653463761089, 0.7015456465718186, 0.6957239713940745, 0.7210776257622504, 0.7053050988426351, 0.7077883706968642, 0.7175308510689721, 0.7152105136418796, 0.7077809350182891, 0.7220506975452836, 0.7233359014809652, 0.7287522702491135, 0.7294391882627176, 0.7223640805740584, 0.7316273143640842, 0.736440792588084, 0.7298967186718432, 0.7219439526840972, 0.7288844897352131, 0.7386446326196183, 0.7352415239183758, 0.7334060752934288, 0.7317436933966885, 0.7284432782341208], "test_auc": [0.7613154207448481, 0.7594560116520386, 0.7552281960478472, 0.7700809111210773, 0.764624802445214, 0.7713318334477822, 0.7865892895207948, 0.7833021504901889, 0.7601891199413464, 0.7726419649917835, 0.7591232494487852, 0.7759839720024119, 0.7864233229602442, 0.8004255734239165, 0.7645244204027224, 0.7977332852126924, 0.763963685482408, 0.7948732231680622, 0.7647126665669319, 0.7948836196388619, 0.7957220697312517, 0.7985799562652136, 0.7732682656117686, 0.7856371410753288, 0.7957184773402572, 0.795440101411266, 0.7855208680893099, 0.7738869310595646, 0.7895803906300187]}