{"train_loss": [13.961318649803868, 7.628020076325146, 2.7230455403129894, 0.5806422144079361, 0.46277465683202773, 0.4477894899372856], "train_acc": [0.661072668346031, 0.6695781941201769, 0.6688577122757434, 0.6866871659191448, 0.700816962091423, 0.7136017948205947], "train_ap": [0.6975034774884381, 0.7712243877672034, 0.8161572087969852, 0.8181443608828557, 0.8187959175815545, 0.8219300815036754], "train_f1": [0.7303030182128376, 0.7365783968287857, 0.7393664383296626, 0.743549936194212, 0.7447586281976958, 0.750490732286687], "train_auc": [0.7426400314623267, 0.7996175121112156, 0.8298543888464662, 0.8330576539929788, 0.8348824105105094, 0.8362840945565129], "val_acc": [0.5100371133528514, 0.5680078323892566, 0.635464732370163, 0.6591801847314155, 0.6774907316064155], "val_ap": [0.7178850615511745, 0.7439846393680936, 0.7799312176195576, 0.768777244060689, 0.7727032969811035], "val_f1": [0.04673597205703015, 0.26755808868296116, 0.4880118587305198, 0.569550924916232, 0.62273277477497], "val_auc": [0.7542266804641659, 0.7621998818493756, 0.7885862598549495, 0.7729373373872095, 0.7807176056016435], "test_acc": [0.5037133865595611, 0.5471413352272727, 0.5898269127155172, 0.6260722288891065, 0.655288744122257], "test_ap": [0.7489778029723708, 0.7624160611652221, 0.7926940317982156, 0.7350071699005043, 0.7709788340997646], "test_f1": [0.021536850622307892, 0.18702651515151514, 0.3295539346669555, 0.48644831680048617, 0.5612449142294952], "test_auc": [0.7879900084172492, 0.7828876133875831, 0.8193121567596796, 0.7700126290296749, 0.7902977526866759]}