{"train_loss": [13.961318649803868, 7.628020076325146, 2.7230455403129894, 0.5806422144079361, 0.46277465683202773, 0.4477894899372856, 0.4363769810801497, 0.42092042809096386, 0.4200656304534632, 0.4082091124103473, 0.4099842856486384, 0.40273453023867867, 0.3984036285656329, 0.4024691890699033, 0.3963275038586638, 0.3963062525652468, 0.393143989121952, 0.3890981323802814, 0.3893512380770601, 0.39024512493572294, 0.3897633788208611], "train_acc": [0.661072668346031, 0.6695781941201769, 0.6688577122757434, 0.6866871659191448, 0.700816962091423, 0.7136017948205947, 0.7356746513271074, 0.738768547247481, 0.737360031641681, 0.7453122119992628, 0.743165262503072, 0.7530527118149423, 0.7467187115999017, 0.7456261328029, 0.7449875391681003, 0.7360159322007864, 0.7488960931739985, 0.7523887741152617, 0.7446831223887933, 0.7526315587367904, 0.7503747849594495], "train_ap": [0.6975034774884381, 0.7712243877672034, 0.8161572087969852, 0.8181443608828557, 0.8187959175815545, 0.8219300815036754, 0.8270085260518361, 0.832379355263099, 0.8315633610293894, 0.8400438295214094, 0.8353201000121292, 0.840681037310366, 0.8420031596924153, 0.8385095598820526, 0.8422544526052917, 0.8415879386947177, 0.845621202429925, 0.845148406253937, 0.845708948927036, 0.8443644939655659, 0.844397728698873], "train_f1": [0.7303030182128376, 0.7365783968287857, 0.7393664383296626, 0.743549936194212, 0.7447586281976958, 0.750490732286687, 0.7572977240796118, 0.7591329903946447, 0.7483254633141567, 0.7613652715768452, 0.7572351475861094, 0.758064807119453, 0.7624301419250525, 0.7594265630993509, 0.7464451814940126, 0.757326553626803, 0.7575086395584142, 0.7651357498336591, 0.7548818400197178, 0.7606081057555631, 0.7554745114361973], "train_auc": [0.7426400314623267, 0.7996175121112156, 0.8298543888464662, 0.8330576539929788, 0.8348824105105094, 0.8362840945565129, 0.8399677798425164, 0.8441098400865753, 0.8434127549328065, 0.8503394656613397, 0.8483239358227371, 0.8514167289922109, 0.8522873051439628, 0.8493898136513846, 0.8519525209830691, 0.8514260489083776, 0.8549356075466936, 0.8551576544766724, 0.8548843553231803, 0.8545367430082929, 0.8547178729662163], "val_acc": [0.5100371133528514, 0.5680078323892566, 0.635464732370163, 0.6591801847314155, 0.6774907316064155, 0.6621451756619144, 0.652331319214613, 0.6818643791369654, 0.6848293700674644, 0.6827012196092159, 0.6606803319119144, 0.6631635056008147, 0.6536002537869144, 0.6911770263174644, 0.6767791934508656, 0.6699641396703158, 0.6687996236952647, 0.698241193037169, 0.6871584020175662, 0.6871648660259675], "val_ap": [0.7178850615511745, 0.7439846393680936, 0.7799312176195576, 0.768777244060689, 0.7727032969811035, 0.769015485030158, 0.7728800862897875, 0.752828021101285, 0.7666531037763333, 0.7709216424941275, 0.7743619530027537, 0.7627998472775117, 0.7531187654394185, 0.7715013778543047, 0.7737455501286682, 0.7737827347215838, 0.7542084135092877, 0.7750166106840494, 0.773664053220469, 0.7793117736837385], "val_f1": [0.04673597205703015, 0.26755808868296116, 0.4880118587305198, 0.569550924916232, 0.62273277477497, 0.5652506864120841, 0.5513973509114234, 0.6774735625729852, 0.6578148771895569, 0.6607354954658713, 0.5637193242076705, 0.5993483762807279, 0.5998041084110535, 0.6602302176479506, 0.6276245640732161, 0.6037747590704874, 0.6647350648691193, 0.6861082680382224, 0.667862031207227, 0.6643149583272407], "val_auc": [0.7542266804641659, 0.7621998818493756, 0.7885862598549495, 0.7729373373872095, 0.7807176056016435, 0.777200820373514, 0.7820282738004285, 0.7611944275185265, 0.7724099285748015, 0.7785956392573778, 0.7830668526081573, 0.7666996086760943, 0.7580482632373102, 0.7783036605345419, 0.77812385346852, 0.7772425820309756, 0.7626233912329776, 0.785934900393018, 0.7809235028920611, 0.7822312159113434], "test_acc": [0.5037133865595611, 0.5471413352272727, 0.5898269127155172, 0.6260722288891065, 0.655288744122257, 0.6101150751861285, 0.6436603031935737, 0.6898763531054075, 0.6679963019200628, 0.6754353203369906, 0.6079323508522727, 0.6500347460325235, 0.666389871914185, 0.6723762918789185, 0.6459624191810345, 0.6502276094729624, 0.6930869171238245, 0.7333142510775862, 0.6612384281935737, 0.6823615669083072], "test_ap": [0.7489778029723708, 0.7624160611652221, 0.7926940317982156, 0.7350071699005043, 0.7709788340997646, 0.7785149511275803, 0.7764105079622929, 0.7573986794048768, 0.7577210556520984, 0.7645957016011091, 0.7682321752693597, 0.7784631377987503, 0.7849481137276391, 0.7836483781153794, 0.7873147950307876, 0.7857986632480877, 0.766732796467839, 0.7865088659206727, 0.7526814998588247, 0.7802018109001203], "test_f1": [0.021536850622307892, 0.18702651515151514, 0.3295539346669555, 0.48644831680048617, 0.5612449142294952, 0.4003216884653691, 0.5032849728709601, 0.6574048044978278, 0.5870467181146793, 0.604250886799296, 0.40615689028311913, 0.5350290308692971, 0.5812269615587151, 0.6041903901781391, 0.5123795957129291, 0.5233235318140979, 0.6756492947396598, 0.7231700952969762, 0.5818151147098516, 0.6163474823049291], "test_auc": [0.7879900084172492, 0.7828876133875831, 0.8193121567596796, 0.7700126290296749, 0.7902977526866759, 0.7983995524160417, 0.8114134035337175, 0.7876382543364957, 0.7922117293002258, 0.7962336052003071, 0.7991428768715276, 0.8034612573946476, 0.7989090873395202, 0.8040854086322844, 0.798112003185728, 0.8059431056125554, 0.7892831621878451, 0.8070736506819318, 0.7777850588748862, 0.80111423401751]}